t,run_id,role,status,latency_s,prompt_chars,response_chars,prompt_tokens,completion_tokens,total_tokens,error,response_preview
0,predict_state_only,predict,ok,1.745236,6644,773,1726,193,1919,,"Headline: Initial wood gathering and movement toward the ladder.  Meaningful events (ordered): 1. [t+1 to t+6] The player moves toward the nearest tree at (-2, -2) or (1, -3) to gather wood, as the inventory is c ...<snip>"
0,predict_history_k5,predict,ok,1.603936,7235,835,1962,202,2164,,"Headline: Initial wood gathering and ladder search on the overworld.  Meaningful events (ordered): 1. [t+1 to t+6] The player moves toward the nearest tree (likely at (1, 1) or (-2, -2)) to begin gathering wood,  ...<snip>"
283,predict_state_only,predict,ok,1.498854,7043,713,1986,173,2159,,"Headline: Securing food and locating the ladder on Floor 0.  Meaningful events (ordered): 1. [t+1 to t+4] The player moves to (1, 0) and kills the Cow with the iron sword to address the critical food shortage (Fo ...<snip>"
283,predict_history_k5,predict,ok,1.566458,10979,745,4182,177,4359,,"Headline: Hunting for food to stabilize survival before floor descent.  Meaningful events (ordered): 1. [t+1 to t+4] The player moves toward the Cow at (1, 0) and attacks it with the iron sword to obtain food. 2. ...<snip>"
298,predict_state_only,predict,ok,1.684839,7804,815,2448,191,2639,,"Headline: Exploration and combat on Floor 1 to unlock the descending ladder.  Meaningful events (ordered): 1. [t+1 to t+4] The player moves toward the fountain at (-1, 0) to top off Drink levels before engaging i ...<snip>"
298,predict_history_k5,predict,ok,1.666825,13347,900,5656,208,5864,,"Headline: Exploration and combat on Floor 1 to unlock the next ladder.  Meaningful events (ordered): 1. [t+1 to t+6] The player moves toward the chest at (5, 4) to check for loot, potentially gaining iron or coal ...<snip>"
1310,predict_state_only,predict,ok,1.665563,7867,798,2460,199,2659,,"Headline: Navigating to the open ladder on Floor 1 while managing resources.  Meaningful events (ordered): 1. [t+1 to t+3] The player moves right toward the fountain at (1, 0) to top off Drink from 8 to 9, ensuri ...<snip>"
1310,predict_history_k5,predict,ok,1.788216,16467,780,7290,194,7484,,"Headline: Hydration and combat engagement before resuming floor 1 exploration.  Meaningful events (ordered): 1. [t+1 to t+2] The player uses the fountain at (1, 0) to fully restore Drink to 9. 2. [t+3 to t+7] The ...<snip>"
1450,predict_state_only,predict,ok,1.764036,7887,764,2466,188,2654,,"Headline: Navigating Floor 1 to reach the open ladder for descent.  Meaningful events (ordered): 1. [t+1 to t+4] The player moves toward the nearby fountain at ( -2, 3) to top off the Drink intrinsic before leavi ...<snip>"
1450,predict_history_k5,predict,ok,1.862589,16631,844,7337,196,7533,,"Headline: Navigating the dungeon to find the open ladder for floor progression.  Meaningful events (ordered): 1. [t+1 to t+5] The player continues moving left or probes the nearby fountain at (-2, 3) to ensure hy ...<snip>"
2180,predict_state_only,predict,ok,1.812842,7890,838,2465,212,2677,,"Headline: Immediate descent to Floor 2 via the open ladder.  Meaningful events (ordered): 1. [t+1 to t+6] The player moves right and down to explore the immediate vicinity, likely passing the snails at (0, 2) and ...<snip>"
2180,predict_history_k5,predict,ok,1.943073,16765,879,7368,215,7583,,"Headline: Navigating Floor 1 to locate the open ladder while engaging Snails.  Meaningful events (ordered): 1. [t+1 to t+5] The player moves toward the Snails at (2,0) and (4,-1), likely engaging them with the ir ...<snip>"
2195,predict_state_only,predict,ok,1.851055,7873,866,2461,219,2680,,"Headline: Floor 2 exploration and mob hunting to unlock the descent ladder.  Meaningful events (ordered): 1. [t+1 to t+6] The player moves away from the ladder_up (0,0) into the unexplored ""Darkness"" regions, lik ...<snip>"
2195,predict_history_k5,predict,ok,1.786641,17053,823,7444,203,7647,,"Headline: Initial exploration and mob hunting on Floor 2.  Meaningful events (ordered): 1. [t+1 to t+5] The player moves away from the ladder_up (0,0) to explore the immediate vicinity of Floor 2, likely pushing  ...<snip>"
